{"cameraMode":{"drawMode":0,"name":"Shaded","section":"Shading Mode"},"sceneLighting":false,"audioPlay":false,"sceneViewState":{"m_AlwaysRefresh":false,"showFog":true,"showSkybox":true,"showFlares":true,"showImageEffects":true,"showParticleSystems":true,"showVisualEffectGraphs":true,"m_FxEnabled":true},"in2DMode":false,"pivot":{"x":-2.008899688720703,"y":-1.819981336593628,"z":-0.1472454071044922},"rotation":{"x":-0.3679504990577698,"y":0.008115378208458424,"z":-0.0032056262716650964,"w":-0.9298271536827087},"size":16.30923843383789,"orthographic":false}